SYMBOL,COMPANY NAME,Sector,Current_Price
HDFCBANK,HDFC Bank Ltd,Finance,798.2
PERSISTENT,Persistent Systems Ltd,IT,"4,356.50"
ICICIBANK,ICICI Bank Ltd,Finance,"1,386.20"
BSE,BSE Ltd,Finance,"3,868.40"
NETWEB,Netweb Technologies India Ltd,IT,"4,468.60"
KOTAKBANK,Kotak Mahindra Bank Ltd Fully Paid Ord. Shrs,Finance,398.7
AXISBANK,Axis Bank Ltd,Finance,"1,372.90"
SHRIRAMFIN,Shriram Finance Ltd,Finance,"1,035.15"
HSCL,Himadri Speciality Chemical Ltd,Chemicals,676.05
RELIANCE,Reliance Industries Ltd,Energy,"1,302.60"
DRREDDY,Dr Reddy's Laboratories Ltd,Healthcare,"1,382.70"
LT,Larsen and Toubro Ltd,Construction,"4,189.60"
BAJFINANCE,Bajaj Finance Ltd,Finance,981.6
ETERNAL,Eternal Ltd,Consumer Cyclical,258.2
TRENT,Trent Ltd,Retail,"3,274.80"
M&M,Mahindra And Mahindra Ltd,Auto,"3,115.90"
WAAREEENER,Waaree Energies Ltd,Energy,"2,854.60"
HFCL,HFCL Ltd,Telecommunications,209.66
INFY,Infosys Ltd,IT,"1,032.20"
INDIGO,Interglobe Aviation Ltd,Aviation,"5,329.20"
SBIN,State Bank of India,Finance,"1,033.45"
BHARTIARTL,Bharti Airtel Ltd,Communication Services,"1,838.60"
GVT&D,GE Vernova T&D India Ltd,Energy,"4,879.00"
VEDL,Vedanta Ltd,Energy,275.75
AEGISLOG,Aegis Logistics Ltd,Energy,"1,169.30"
MCX,Multi Commodity Exchange Of India Ltd,Finance,"2,842.10"
MOTHERSON,Samvardhana Motherson International Ltd,Auto,149.34
ASHOKLEY,Ashok Leyland Ltd,Auto,157.55
ZYDUSWELL,Zydus Wellness Ltd,FMCG,558.8
HEROMOTOCO,Hero Motocorp Ltd,Auto,"4,820.00"
ADANIPOWER,Adani Power Ltd,Energy,226.7
EICHERMOT,Eicher Motors Ltd,Auto,"7,415.00"
ATHERENERG,Ather Energy Ltd,Auto,"1,047.15"
COFORGE,Coforge Ltd,IT,"1,499.00"
IDEA,Vodafone Idea Ltd,Telecommunication,14.06
TATASTEEL,Tata Steel Ltd,Steel,191
HEXT,Hexaware Technologies Ltd,IT,526.2
ASTRAL,Astral Ltd,Building Materials,"1,355.30"
TVSMOTOR,TVS Motor Company Ltd,Auto,"3,465.00"
MEESHO,Meesho Ltd,Retail,192.19
AUROPHARMA,Aurobindo Pharma Ltd,Healthcare,"1,571.90"
BHEL,Bharat Heavy Electricals Ltd,Energy,406.95
MARICO,Marico Ltd,FMCG,837.7
TORNTPHARM,Torrent Pharmaceuticals Ltd,Healthcare,"4,637.90"
BEL,Bharat Electronics Ltd,Industrials,405.8
POWERINDIA,Hitachi Energy India Ltd,Energy,"33,860.00"
POLICYBZR,PB Fintech Ltd,Finance,"1,623.50"
ADANIENSOL,Adani Energy Solutions Ltd,Energy,"1,482.20"
MAXHEALTH,Max Healthcare Institute Ltd,Healthcare,"1,150.05"
MARUTI,Maruti Suzuki India Ltd,Auto,"13,582.00"
CIPLA,Cipla Ltd,Healthcare,"1,479.70"
NATIONALUM,National Aluminium Co Ltd,Metals & Mining,342.4
LAURUSLABS,Laurus Labs Ltd,Healthcare,"1,479.80"
MUTHOOTFIN,Muthoot Finance Ltd,Finance,"2,972.80"
ONGC,Oil and Natural Gas Corporation Ltd,Energy,235.7
RECLTD,REC Ltd,Finance,365.85
ADANIGREEN,Adani Green Energy Ltd,Energy,"1,498.40"
NTPC,NTPC Ltd,Energy,356.55
CANBK,Canara Bank Ltd,Finance,125.95
CGPOWER,CG Power and Industrial Solutions Ltd,Industrials,944.1
TCS,Tata Consultancy Services Ltd,IT,"2,079.80"
CUMMINSIND,Cummins India Ltd,Industrials,"5,569.50"
PFC,Power Finance Corporation Ltd,Finance,426.1
HINDALCO,Hindalco Industries Ltd,Metals & Mining,968.5
OFSS,Oracle Financial Services Software Ltd,IT,"10,862.50"
SUZLON,Suzlon Energy Ltd,Energy,57.13
ADANIENT,Adani Enterprises Ltd,Energy,"2,975.90"
GROWW,Billionbrains Garage Ventures Ltd,Finance,199.2
PAYTM,One 97 Communications Ltd,Finance,"1,122.90"
GMRAIRPORT,GMR Airports Ltd (India),Industrials,109.68
DIXON,Dixon Technologies (India) Ltd,Technology,"11,883.00"
TMPV,Tata Motors Passenger Vhcls Ltd,Auto,347.55
YESBANK,Yes Bank Ltd,Finance,25.13
WIPRO,Wipro Ltd,IT,175.3
CHOLAFIN,Cholamandalam Investment and Fin Co Ltd,Finance,"1,768.70"
DIVISLAB,Divi's Laboratories Ltd,Healthcare,"6,660.00"
BHARATFORG,Bharat Forge Ltd,Auto,"2,114.50"
KAYNES,Kaynes Technology India Ltd,Technology,"3,194.00"
ASIANPAINT,Asian Paints Ltd,Chemicals,"2,643.70"
SYRMA,Syrma SGS Technology Ltd,Technology,"1,358.20"
HAL,Hindustan Aeronautics Ltd,Aerospace & Defence,"4,307.20"
IFCI,IFCI Ltd,Finance,75.78
SAIL,Steel Authority of India Ltd,Steel,173.46
APARINDS,Apar Industries Ltd,Industrials,"15,824.00"
LODHA,Lodha Developers Ltd,Realty,938.5
DATAPATTNS,Data Patterns (India) Ltd,Defence,"4,400.00"
GLENMARK,Glenmark Pharmaceuticals Ltd,Healthcare,"2,184.40"
BOSCHLTD,Bosch Ltd,Auto,"39,925.00"
LTF,L&T Finance Ltd,Finance,298.55
BAJAJ-AUTO,Bajaj Auto Ltd,Auto,"9,686.00"
BPCL,Bharat Petroleum Corporation Ltd,Energy,302
NYKAA,Fsn E-Commerce Ventures Ltd,Retail,301.15
HCLTECH,HCL Technologies Ltd,IT,"1,098.10"
POLYCAB,Polycab India Ltd,Industrials,"9,548.50"
INDIANB,Indian Bank,Finance,814.5
NESTLEIND,Nestle India Ltd,FMCG,"1,402.60"
SUNPHARMA,Sun Pharmaceutical Industries Ltd,Healthcare,"1,883.60"
INDHOTEL,Indian Hotels Company Ltd,Hospitality,708.2
LUPIN,Lupin Ltd,Healthcare,"2,388.10"
BANDHANBNK,Bandhan Bank Ltd,Finance,198.19
KEI,KEI Industries Ltd,Industrials,"5,310.50"
UNITDSPR,United Spirits Ltd,Consumer Defensive,"1,344.60"
AUBANK,AU Small Finance Bank Ltd,Finance,"1,018.10"
APOLLOHOSP,Apollo Hospitals Enterprise Ltd,Healthcare,"8,656.00"
TMCV,Tata Motors Ltd,Auto,424.25
UPL,UPL Ltd,Agriculture,573.55
ANANDRATHI,Anand Rathi Wealth Ltd,Finance,"1,983.90"
CHENNPETRO,Chennai Petroleum Corporation Ltd,Energy,"1,145.30"
SAMMAANCAP,Sammaan Capital Ltd,Finance,166.95
ITC,ITC Ltd,FMCG,290.45
HINDCOPPER,Hindustan Copper Ltd,Mining & Metals,487.35
HINDPETRO,Hindustan Petroleum Corp Ltd,Energy,397.15
MFSL,Max Financial Services Ltd,Finance,"1,567.50"
KEC,KEC International Ltd,Industrials,518.1
BANKBARODA,Bank of Baroda Ltd,Finance,273.95
ACUTAAS,Acutaas Chemicals Ltd,Healthcare,"3,361.10"
KIRLOSENG,Kirloskar Oil Engines Ltd,Engineering,"2,461.20"
SOLARINDS,Solar Industries India Ltd,Chemicals,"17,474.00"
ADANIPORTS,Adani Ports and Special Economic Zone Ld,Transportation,"1,785.60"
NHPC,NHPC Ltd,Energy,80.08
IDFCFIRSTB,IDFC First Bank Ltd,Finance,78.35
FEDERALBNK,Federal Bank Ltd,Finance,324.1
AMBER,Amber Enterprises India Ltd,Consumer Durables,"7,421.00"
NMDC,NMDC Ltd,Basic Materials,84.59
COALINDIA,Coal India Ltd,Energy,442.65
GRASIM,Grasim Industries Ltd,Basic Materials,"3,107.70"
THERMAX,Thermax Limited,Industrials,"4,929.40"
MAHABANK,Bank of Maharashtra Ltd,Finance,89.59
PINELABS,Pine Labs Ltd,Finance,158.87
WELCORP,Welspun Corp Ltd,Manufacturing,"1,489.30"
SUPREMEIND,Supreme Industries Ltd,Industrials,"3,197.40"
POWERGRID,Power Grid Corporation of India Ltd,Energy,287.05
IRFC,Indian Railway Finance Corp Ltd,Finance,90.52
GODIGIT,Go Digit General Insurance Ltd,Finance,319.05
ABCAPITAL,Aditya Birla Capital Ltd,Finance,388.45
M&MFIN,Mahindra and Mahindra Financial Svcs Ltd,Finance,308.55
JIOFIN,Jio Financial Services Ltd,Finance,237.26
KALYANKJIL,Kalyan Jewellers India Ltd,Consumer Cyclical,375.8
ENRIN,Siemens Energy India Ltd,Energy,"3,558.60"
HONASA,Honasa Consumer Ltd,Consumer Defensive,439.95
OLAELEC,Ola Electric Mobility Ltd,Auto,40.64
IDBI,IDBI Bank Ltd,Finance,85.2
HINDUNILVR,Hindustan Unilever Ltd,FMCG,"2,169.10"
VBL,Varun Beverages Ltd,Consumer Defensive,505.8
UNIONBANK,Union Bank of India Ltd,Finance,174.06
ZEEL,Zee Entertainment Enterprises Ltd,Media & Entertainment,108.14
TECHM,Tech Mahindra Ltd,IT,"1,441.90"
IOC,Indian Oil Corporation Ltd,Energy,140.08
DLF,DLF Ltd,Real Estate,618.3
ATGL,Adani Total Gas Ltd,Energy,716.35
TATACONSUM,Tata Consumer Products Ltd,Consumer Defensive,"1,103.10"
LICHSGFIN,LIC Housing Finance Ltd,Finance,551.65
FORTIS,Fortis Healthcare Ltd,Healthcare,936.8
BHARTIHEXA,Bharti Hexacom Ltd,Communication Services,"1,435.10"
DELHIVERY,Delhivery,Industrials,466.8
MANAPPURAM,Manappuram Finance Ltd,Finance,314.8
RRKABEL,R R Kabel Ltd,Industrials,"2,517.40"
FORCEMOT,Force Motors Ltd,Auto,"18,034.00"
CDSL,Central Depository Services (India) Ltd,Finance,"1,306.50"
GRANULES,Granules India Ltd,Healthcare,792.65
TITAN,Titan Company Ltd,Consumer Cyclicals,"4,275.90"
ZYDUSLIFE,Zydus Lifesciences Ltd,Healthcare,"1,116.10"
NBCC,NBCC (India) Ltd,Construction,104.76
JSWINFRA,JSW Infrastructure Ltd,Industrials,322.75
CHOICEIN,Choice International Ltd,Finance,747.5
BDL,Bharat Dynamics Ltd,Defence,"1,349.00"
SIEMENS,Siemens Ltd,Industrials,"3,593.40"
ACMESOLAR,Acme Solar Holdings Ltd,Energy,371.35
HDFCAMC,HDFC Asset Management Company Ltd,Finance,"2,619.80"
OIL,Oil India Ltd,Energy,412.45
SHREECEM,Shree Cement Ltd,Manufacturing,"25,460.00"
LENSKART,Lenskart Solutions Ltd,Healthcare,501.6
SBILIFE,Sbi Life Insurance Company Ltd,Finance,"1,742.40"
SRF,SRF Ltd,Chemicals,"2,705.30"
LICI,Life Insurance Corporation of India,Finance,426.35
RBLBANK,RBL Bank Ltd,Finance,364.15
TATAPOWER,Tata Power Company Ltd,Energy,388.8
ABB,ABB India Ltd,Industrials,"7,001.50"
TRITURBINE,Triveni Turbine Ltd,Energy,680.7
PAGEIND,Page Industries Ltd,Consumer Cyclical,"40,650.00"
MAZDOCK,Mazagon Dock Shipbuilders Ltd,Aerospace & Defense,"2,462.00"
SWIGGY,Swiggy Ltd,Technology,238.05
TEJASNET,Tejas Networks Ltd,IT,597.4
ANGELONE,Angel One Ltd,Finance,328.5
DMART,Avenue Supermarts Ltd,Retail,"4,338.30"
WOCKPHARMA,Wockhardt Ltd,Healthcare,"1,936.10"
HDFCLIFE,HDFC Life Insurance Company Ltd,Finance,581.4
PATANJALI,Patanjali Foods Ltd,Consumer Staples,409.05
LTM,LTM Ltd,IT,"3,701.30"
MOTILALOFS,Motilal Oswal Financial Services Ltd,Finance,946.3
RADICO,Radico Khaitan Ltd,Consumer Goods,"3,789.30"
GLAND,Gland Pharma Ltd,Healthcare,"2,362.00"
VMM,Vishal Mega Mart Ltd,Retail,115.06
GRSE,Garden Reach Shipbuilders & Enginers Ltd,Industrials,"2,675.00"
JSWSTEEL,JSW Steel Ltd,Steel,"1,241.00"
CPPLUS,Aditya Infotech Ltd,Industrials,"3,657.30"
PIDILITIND,Pidilite Industries Ltd,Chemicals,"1,597.10"
IIFL,IIFL Finance Ltd,Finance,492.95
REDINGTON,Redington Ltd,IT,276.08
IEX,Indian Energy Exchange Ltd,Finance,124.1
INDUSINDBK,Indusind Bank Ltd,Finance,913.25
ICICIGI,ICICI Lombard General Insurance Co Ltd,Finance,"1,770.50"
BIOCON,Biocon Ltd,Healthcare,416.3
HINDZINC,Hindustan Zinc Ltd,Metals & Mining,523.25
KPITTECH,KPIT Technologies Ltd,IT,710.2
VIJAYA,Vijaya Diagnostic Centre Ltd,Healthcare,"1,303.30"
CAMS,Computer Age Management Services Ltd,Finance,784.1
INDUSTOWER,Indus Towers Ltd,Telecommunications,388
SAREGAMA,Saregama India Ltd,Media & Entertainment,496.8
NAM-INDIA,Nippon Life India Asset Management Ltd,Finance,"1,155.00"
SONACOMS,Sona Blw Precision Forgings Ltd,Auto,616.65
JSWENERGY,JSW Energy Ltd,Energy,576.45
TATAELXSI,Tata Elxsi Ltd,IT,"3,968.00"
BRITANNIA,Britannia Industries Ltd,FMCG,"5,143.00"
NATCOPHARM,Natco Pharma Ltd,Healthcare,911.5
BAJAJFINSV,Bajaj Finserv Ltd,Finance,"1,764.90"
ULTRACEMCO,UltraTech Cement Ltd,Construction Materials,"11,397.00"
UNOMINDA,UNO Minda Ltd,Auto,"1,101.90"
CRAFTSMAN,Craftsman Automation Ltd,Auto,"9,388.00"
TATACOMM,Tata Communications Ltd,Telecommunications,"1,990.40"
NUVAMA,Nuvama Wealth Management Ltd,Finance,"1,765.30"
LINDEINDIA,Linde India Ltd,Chemicals,"7,270.00"
JBCHEPHARM,J B Chemicals and Pharmaceuticals Ltd,Healthcare,"2,300.00"
COCHINSHIP,Cochin Shipyard Ltd,Industrials,"1,441.00"
NLCINDIA,NLC India Ltd,Energy,324.5
HBLENGINE,HBL Engineering Ltd,Industrials,806
BANKINDIA,Bank of India Ltd,Finance,141.84
MPHASIS,Mphasis Ltd,IT,"2,233.40"
HYUNDAI,Hyundai Motor India Ltd,Auto,"1,917.90"
AMBUJACEM,Ambuja Cements Ltd,Materials,423.6
OLECTRA,Olectra Greentech Ltd,Auto,"1,481.70"
NH,Narayana Hrudayalaya Ltd,Healthcare,"1,925.70"
JINDALSTEL,Jindal Steel Ltd,Basic Materials,"1,079.00"
KFINTECH,Kfin Technologies Ltd,Finance,876.45
MRF,MRF Ltd,Auto,"1,26,060.00"
PNB,Punjab National Bank,Finance,106.66
JYOTICNC,Jyoti CNC Automation Ltd,Engineering,772.85
SBICARD,SBI Cards and Payment Services Ltd,Finance,607.3
MSUMI,Motherson Sumi Wiring India Ltd,Auto,40.65
AJANTPHARM,Ajanta Pharma Ltd,Healthcare,"3,299.90"
CROMPTON,Crompton Greaves Consumer Electricls Ltd,Consumer Durables,271.65
MANKIND,Mankind Pharma Ltd,Healthcare,"2,515.90"
KARURVYSYA,Karur Vysya Bank Ltd,Finance,295.3
FINCABLES,Finolex Cables Ltd,Industrials,"1,158.20"
COLPAL,Colgate-Palmolive (India) Ltd,FMCG,"1,995.90"
GODREJPROP,Godrej Properties Ltd,Real Estate,"1,838.80"
GAIL,Gail (India) Ltd,Energy,172.83
ABSLAMC,Aditya Birla Sun Life Amc Ltd,Finance,"1,170.70"
ABDL,Allied Blenders and Distillers Ltd,Consumer Staples,647.75
APLAPOLLO,Apl Apollo Tubes Ltd,Metals & Mining,"1,788.00"
RVNL,Rail Vikas Nigam Ltd,Industrials,238.28
SCI,Shipping Corporation of India Ltd,Transport,306.25
NAUKRI,Info Edge (India) Ltd,IT,988.05
PIIND,PI Industries Ltd,Chemicals,"2,583.90"
SAILIFE,Sai Life Sciences Ltd,Healthcare,"1,231.80"
CONCOR,Container Corporation of India Ltd,Logistics,471.6
GESHIP,Great Eastern Shipping Company Ltd,Energy,"1,481.00"
PHOENIXLTD,Phoenix Mills Ltd,Real Estate,"1,899.70"
PREMIERENE,Premier Energies Ltd,Energy,"1,022.80"
LALPATHLAB,Dr. Lal PathLabs Ltd,Healthcare,"1,621.80"
BELRISE,Belrise Industries Ltd,Auto,241.43
TARIL,Transformers and Rectifiers (India) Ltd,Energy,329.7
LLOYDSME,Lloyds Metals And Energy Ltd,Metals & Mining,"1,754.30"
COROMANDEL,Coromandel International Ltd,Agriculture,"1,903.90"
ZENTEC,Zen Technologies Limited,"=AI(""Categorize this company into a broad industry sector (e.g. IT, Energy, Finance, Healthcare, Auto, etc.). Only return the sector name."", B266)","1,735.60"
ALKEM,Alkem Laboratories Ltd,"=AI(""Categorize this company into a broad industry sector (e.g. IT, Energy, Finance, Healthcare, Auto, etc.). Only return the sector name."", B267)","5,421.00"
JPPOWER,Jaiprakash Power Ventures Ltd,"=AI(""Categorize this company into a broad industry sector (e.g. IT, Energy, Finance, Healthcare, Auto, etc.). Only return the sector name."", B268)",17.75
JKCEMENT,J K Cement Ltd,"=AI(""Categorize this company into a broad industry sector (e.g. IT, Energy, Finance, Healthcare, Auto, etc.). Only return the sector name."", B269)","5,333.50"
SCHNEIDER,Schneider Electric Infrastructure Ltd,"=AI(""Categorize this company into a broad industry sector (e.g. IT, Energy, Finance, Healthcare, Auto, etc.). Only return the sector name."", B270)","1,379.90"
GODFRYPHLP,Godfrey Phillips India Ltd,"=AI(""Categorize this company into a broad industry sector (e.g. IT, Energy, Finance, Healthcare, Auto, etc.). Only return the sector name."", B271)","2,201.30"
NAVINFLUOR,Navin Fluorine International Limited,"=AI(""Categorize this company into a broad industry sector (e.g. IT, Energy, Finance, Healthcare, Auto, etc.). Only return the sector name."", B272)","7,470.00"
TIINDIA,Tube Investments of India Ltd,"=AI(""Categorize this company into a broad industry sector (e.g. IT, Energy, Finance, Healthcare, Auto, etc.). Only return the sector name."", B273)","3,025.40"
STARHEALTH,Star Health and Allied Insurnc Cmpny Ltd,"=AI(""Categorize this company into a broad industry sector (e.g. IT, Energy, Finance, Healthcare, Auto, etc.). Only return the sector name."", B274)",586.25
OBEROIRLTY,Oberoi Realty Ltd,"=AI(""Categorize this company into a broad industry sector (e.g. IT, Energy, Finance, Healthcare, Auto, etc.). Only return the sector name."", B275)","1,768.70"
ZFCVINDIA,ZF Commercial Vehl Cntrl Sytm India Ltd,"=AI(""Categorize this company into a broad industry sector (e.g. IT, Energy, Finance, Healthcare, Auto, etc.). Only return the sector name."", B276)","2,669.00"
FIVESTAR,Five-Star Business Finance Ltd,"=AI(""Categorize this company into a broad industry sector (e.g. IT, Energy, Finance, Healthcare, Auto, etc.). Only return the sector name."", B277)",487.05
HAVELLS,Havells India Ltd,"=AI(""Categorize this company into a broad industry sector (e.g. IT, Energy, Finance, Healthcare, Auto, etc.). Only return the sector name."", B278)","1,166.20"
NEULANDLAB,Neuland Laboratories Ltd,"=AI(""Categorize this company into a broad industry sector (e.g. IT, Energy, Finance, Healthcare, Auto, etc.). Only return the sector name."", B279)","18,017.00"
INOXWIND,Inox Wind Ltd,"=AI(""Categorize this company into a broad industry sector (e.g. IT, Energy, Finance, Healthcare, Auto, etc.). Only return the sector name."", B280)",88.55
PPLPHARMA,Piramal Pharma Ltd (Mumbai),"=AI(""Categorize this company into a broad industry sector (e.g. IT, Energy, Finance, Healthcare, Auto, etc.). Only return the sector name."", B281)",165.7
CARTRADE,Cartrade Tech Ltd,"=AI(""Categorize this company into a broad industry sector (e.g. IT, Energy, Finance, Healthcare, Auto, etc.). Only return the sector name."", B282)","2,635.70"
TITAGARH,Titagarh Rail Systems Ltd,"=AI(""Categorize this company into a broad industry sector (e.g. IT, Energy, Finance, Healthcare, Auto, etc.). Only return the sector name."", B283)",876.2
VOLTAS,Voltas Ltd,"=AI(""Categorize this company into a broad industry sector (e.g. IT, Energy, Finance, Healthcare, Auto, etc.). Only return the sector name."", B284)","1,286.30"
ENGINERSIN,Engineers India Ltd,"=AI(""Categorize this company into a broad industry sector (e.g. IT, Energy, Finance, Healthcare, Auto, etc.). Only return the sector name."", B285)",244.42
JUBLFOOD,Jubilant FoodWorks Ltd,"=AI(""Categorize this company into a broad industry sector (e.g. IT, Energy, Finance, Healthcare, Auto, etc.). Only return the sector name."", B286)",417.8
DABUR,Dabur India Ltd,"=AI(""Categorize this company into a broad industry sector (e.g. IT, Energy, Finance, Healthcare, Auto, etc.). Only return the sector name."", B287)",425.3
BEML,BEML Ltd,"=AI(""Categorize this company into a broad industry sector (e.g. IT, Energy, Finance, Healthcare, Auto, etc.). Only return the sector name."", B288)","1,748.30"
IREDA,Indian Renewable Energy Dev Agency Ltd,"=AI(""Categorize this company into a broad industry sector (e.g. IT, Energy, Finance, Healthcare, Auto, etc.). Only return the sector name."", B289)",127.07
HOMEFIRST,Home First Finance Company India Ltd,"=AI(""Categorize this company into a broad industry sector (e.g. IT, Energy, Finance, Healthcare, Auto, etc.). Only return the sector name."", B290)","1,169.00"
DALBHARAT,Dalmia Bharat Ltd,"=AI(""Categorize this company into a broad industry sector (e.g. IT, Energy, Finance, Healthcare, Auto, etc.). Only return the sector name."", B291)","1,705.40"
TATACAP,Tata Capital Ltd,"=AI(""Categorize this company into a broad industry sector (e.g. IT, Energy, Finance, Healthcare, Auto, etc.). Only return the sector name."", B292)",354.5
TENNIND,Tenneco Clean Air India Ltd,"=AI(""Categorize this company into a broad industry sector (e.g. IT, Energy, Finance, Healthcare, Auto, etc.). Only return the sector name."", B293)",573.8
ICICIAMC,ICICI Prudential Asset Management Co Ltd,"=AI(""Categorize this company into a broad industry sector (e.g. IT, Energy, Finance, Healthcare, Auto, etc.). Only return the sector name."", B294)","3,301.60"
POONAWALLA,Poonawalla Fincorp Ltd,"=AI(""Categorize this company into a broad industry sector (e.g. IT, Energy, Finance, Healthcare, Auto, etc.). Only return the sector name."", B295)",428.15
EMMVEE,Emmvee Photovoltaic Power Ltd,"=AI(""Categorize this company into a broad industry sector (e.g. IT, Energy, Finance, Healthcare, Auto, etc.). Only return the sector name."", B296)",327.8
PGEL,PG Electroplast Ltd,"=AI(""Categorize this company into a broad industry sector (e.g. IT, Energy, Finance, Healthcare, Auto, etc.). Only return the sector name."", B297)",536.8
PNBHOUSING,PNB Housing Finance Ltd.,"=AI(""Categorize this company into a broad industry sector (e.g. IT, Energy, Finance, Healthcare, Auto, etc.). Only return the sector name."", B298)","1,037.70"
GMDCLTD,Gujarat Mineral Development Corpn Ltd,"=AI(""Categorize this company into a broad industry sector (e.g. IT, Energy, Finance, Healthcare, Auto, etc.). Only return the sector name."", B299)",579.4
RPOWER,Reliance Power Ltd,"=AI(""Categorize this company into a broad industry sector (e.g. IT, Energy, Finance, Healthcare, Auto, etc.). Only return the sector name."", B300)",24.1
GODREJCP,Godrej Consumer Products Limited,"=AI(""Categorize this company into a broad industry sector (e.g. IT, Energy, Finance, Healthcare, Auto, etc.). Only return the sector name."", B301)","1,036.90"
CEMPRO,Cemindia Projects Ltd,"=AI(""Categorize this company into a broad industry sector (e.g. IT, Energy, Finance, Healthcare, Auto, etc.). Only return the sector name."", B302)","1,235.00"
LATENTVIEW,Latent View Analytics Ltd,"=AI(""Categorize this company into a broad industry sector (e.g. IT, Energy, Finance, Healthcare, Auto, etc.). Only return the sector name."", B303)",284
KPRMILL,KPR Mill Ltd,"=AI(""Categorize this company into a broad industry sector (e.g. IT, Energy, Finance, Healthcare, Auto, etc.). Only return the sector name."", B304)","1,128.30"
RAMCOCEM,Ramco Cements Ltd,"=AI(""Categorize this company into a broad industry sector (e.g. IT, Energy, Finance, Healthcare, Auto, etc.). Only return the sector name."", B305)",929.5
SIGNATURE,Signatureglobal (India) Ltd,"=AI(""Categorize this company into a broad industry sector (e.g. IT, Energy, Finance, Healthcare, Auto, etc.). Only return the sector name."", B306)",738.95
360ONE,360 One Wam Ltd,"=AI(""Categorize this company into a broad industry sector (e.g. IT, Energy, Finance, Healthcare, Auto, etc.). Only return the sector name."", B307)","1,086.50"
HEG,HEG Ltd,"=AI(""Categorize this company into a broad industry sector (e.g. IT, Energy, Finance, Healthcare, Auto, etc.). Only return the sector name."", B308)",516.15
MRPL,Mangalore Refinery and Petrochmcls Ltd,"=AI(""Categorize this company into a broad industry sector (e.g. IT, Energy, Finance, Healthcare, Auto, etc.). Only return the sector name."", B309)",150.51
CUB,City Union Bank Ltd,"=AI(""Categorize this company into a broad industry sector (e.g. IT, Energy, Finance, Healthcare, Auto, etc.). Only return the sector name."", B310)",201.3
EXIDEIND,Exide Industries Ltd,"=AI(""Categorize this company into a broad industry sector (e.g. IT, Energy, Finance, Healthcare, Auto, etc.). Only return the sector name."", B311)",384
EMCURE,Emcure Pharmaceuticals Ltd,"=AI(""Categorize this company into a broad industry sector (e.g. IT, Energy, Finance, Healthcare, Auto, etc.). Only return the sector name."", B312)","1,865.70"
TATACHEM,Tata Chemicals Ltd,"=AI(""Categorize this company into a broad industry sector (e.g. IT, Energy, Finance, Healthcare, Auto, etc.). Only return the sector name."", B313)",729.7
ASTERDM,Aster DM Healthcare Ltd,"=AI(""Categorize this company into a broad industry sector (e.g. IT, Energy, Finance, Healthcare, Auto, etc.). Only return the sector name."", B314)",757.8
TIMKEN,Timken India Ltd,"=AI(""Categorize this company into a broad industry sector (e.g. IT, Energy, Finance, Healthcare, Auto, etc.). Only return the sector name."", B315)","3,512.00"
JSL,Jindal Stainless Ltd,"=AI(""Categorize this company into a broad industry sector (e.g. IT, Energy, Finance, Healthcare, Auto, etc.). Only return the sector name."", B316)",690.1
ICICIPRULI,Icici Prudential Life Insurance Comp Ltd,"=AI(""Categorize this company into a broad industry sector (e.g. IT, Energy, Finance, Healthcare, Auto, etc.). Only return the sector name."", B317)",489.15
CGCL,Capri Global Capital Ltd,"=AI(""Categorize this company into a broad industry sector (e.g. IT, Energy, Finance, Healthcare, Auto, etc.). Only return the sector name."", B318)",216.57
COHANCE,Cohance Lifesciences Ltd,"=AI(""Categorize this company into a broad industry sector (e.g. IT, Energy, Finance, Healthcare, Auto, etc.). Only return the sector name."", B319)",455.2
CASTROLIND,Castrol India Ltd,"=AI(""Categorize this company into a broad industry sector (e.g. IT, Energy, Finance, Healthcare, Auto, etc.). Only return the sector name."", B320)",184.79
PWL,Physicswallah Ltd,"=AI(""Categorize this company into a broad industry sector (e.g. IT, Energy, Finance, Healthcare, Auto, etc.). Only return the sector name."", B321)",121.82
IGL,Indraprastha Gas Limited,"=AI(""Categorize this company into a broad industry sector (e.g. IT, Energy, Finance, Healthcare, Auto, etc.). Only return the sector name."", B322)",168.54
PRESTIGE,Prestige Estates Projects Limited,"=AI(""Categorize this company into a broad industry sector (e.g. IT, Energy, Finance, Healthcare, Auto, etc.). Only return the sector name."", B323)","1,527.70"
SUNDARMFIN,Sundaram Finance Ltd,"=AI(""Categorize this company into a broad industry sector (e.g. IT, Energy, Finance, Healthcare, Auto, etc.). Only return the sector name."", B324)","4,465.00"
ASAHIINDIA,Asahi India Glass Ltd,"=AI(""Categorize this company into a broad industry sector (e.g. IT, Energy, Finance, Healthcare, Auto, etc.). Only return the sector name."", B325)",838.05
BAJAJHLDNG,Bajaj Holdings And Investment Ltd,"=AI(""Categorize this company into a broad industry sector (e.g. IT, Energy, Finance, Healthcare, Auto, etc.). Only return the sector name."", B326)","10,639.00"
KAJARIACER,Kajaria Ceramics Ltd,"=AI(""Categorize this company into a broad industry sector (e.g. IT, Energy, Finance, Healthcare, Auto, etc.). Only return the sector name."", B327)","1,210.70"
TORNTPOWER,Torrent Power Ltd,"=AI(""Categorize this company into a broad industry sector (e.g. IT, Energy, Finance, Healthcare, Auto, etc.). Only return the sector name."", B328)","1,414.20"
CAPLIPOINT,Caplin Point Laboratories Ltd,"=AI(""Categorize this company into a broad industry sector (e.g. IT, Energy, Finance, Healthcare, Auto, etc.). Only return the sector name."", B329)","2,533.90"
AIAENG,AIA Engineering Ltd,"=AI(""Categorize this company into a broad industry sector (e.g. IT, Energy, Finance, Healthcare, Auto, etc.). Only return the sector name."", B330)","4,977.00"
GABRIEL,Gabriel India Ltd,"=AI(""Categorize this company into a broad industry sector (e.g. IT, Energy, Finance, Healthcare, Auto, etc.). Only return the sector name."", B331)","1,251.20"
APTUS,Aptus Value Housing Finance India Ltd,"=AI(""Categorize this company into a broad industry sector (e.g. IT, Energy, Finance, Healthcare, Auto, etc.). Only return the sector name."", B332)",268.65
J&KBANK,Jammu and Kashmir Bank Ltd,"=AI(""Categorize this company into a broad industry sector (e.g. IT, Energy, Finance, Healthcare, Auto, etc.). Only return the sector name."", B333)",159.1
GRAPHITE,Graphite India Ltd,"=AI(""Categorize this company into a broad industry sector (e.g. IT, Energy, Finance, Healthcare, Auto, etc.). Only return the sector name."", B334)",609.6
JWL,Jupiter Wagons Ltd,"=AI(""Categorize this company into a broad industry sector (e.g. IT, Energy, Finance, Healthcare, Auto, etc.). Only return the sector name."", B335)",262.85
KIMS,Krishna Institute Of Medical Sciencs Ltd,"=AI(""Categorize this company into a broad industry sector (e.g. IT, Energy, Finance, Healthcare, Auto, etc.). Only return the sector name."", B336)",803.7
SAGILITY,Sagility Ltd,"=AI(""Categorize this company into a broad industry sector (e.g. IT, Energy, Finance, Healthcare, Auto, etc.). Only return the sector name."", B337)",39.44
BERGEPAINT,Berger Paints India Ltd,"=AI(""Categorize this company into a broad industry sector (e.g. IT, Energy, Finance, Healthcare, Auto, etc.). Only return the sector name."", B338)",525.2
PTCIL,PTC Industries Ltd,"=AI(""Categorize this company into a broad industry sector (e.g. IT, Energy, Finance, Healthcare, Auto, etc.). Only return the sector name."", B339)","17,034.00"
CENTRALBK,Central Bank of India Ltd,"=AI(""Categorize this company into a broad industry sector (e.g. IT, Energy, Finance, Healthcare, Auto, etc.). Only return the sector name."", B340)",32.03
ANANTRAJ,Anant Raj Ltd,"=AI(""Categorize this company into a broad industry sector (e.g. IT, Energy, Finance, Healthcare, Auto, etc.). Only return the sector name."", B341)",514.2
WELSPUNLIV,Welspun Living Ltd,"=AI(""Categorize this company into a broad industry sector (e.g. IT, Energy, Finance, Healthcare, Auto, etc.). Only return the sector name."", B342)",162.5
NIACL,New India Assurance Company Ltd,"=AI(""Categorize this company into a broad industry sector (e.g. IT, Energy, Finance, Healthcare, Auto, etc.). Only return the sector name."", B343)",181.5
JAINREC,Jain Resource Recycling Ltd,"=AI(""Categorize this company into a broad industry sector (e.g. IT, Energy, Finance, Healthcare, Auto, etc.). Only return the sector name."", B344)",349.95
PETRONET,Petronet LNG Ltd,"=AI(""Categorize this company into a broad industry sector (e.g. IT, Energy, Finance, Healthcare, Auto, etc.). Only return the sector name."", B345)",281.8
IPCALAB,IPCA Laboratories Ltd,"=AI(""Categorize this company into a broad industry sector (e.g. IT, Energy, Finance, Healthcare, Auto, etc.). Only return the sector name."", B346)","1,642.10"
KPIL,Kalpataru Projects International Ltd,"=AI(""Categorize this company into a broad industry sector (e.g. IT, Energy, Finance, Healthcare, Auto, etc.). Only return the sector name."", B347)","1,346.80"
UTIAMC,UTI Asset Management Company Ltd,"=AI(""Categorize this company into a broad industry sector (e.g. IT, Energy, Finance, Healthcare, Auto, etc.). Only return the sector name."", B348)",925.05
CANFINHOME,Can Fin Homes Ltd,"=AI(""Categorize this company into a broad industry sector (e.g. IT, Energy, Finance, Healthcare, Auto, etc.). Only return the sector name."", B349)",850.25
BRIGADE,Brigade Enterprises Limited,"=AI(""Categorize this company into a broad industry sector (e.g. IT, Energy, Finance, Healthcare, Auto, etc.). Only return the sector name."", B350)",500.6
IRCTC,Indian Railway Ctrng nd Trsm Corp Ltd,"=AI(""Categorize this company into a broad industry sector (e.g. IT, Energy, Finance, Healthcare, Auto, etc.). Only return the sector name."", B351)",508.8
AADHARHFC,Aadhar Housing Finance Ltd,"=AI(""Categorize this company into a broad industry sector (e.g. IT, Energy, Finance, Healthcare, Auto, etc.). Only return the sector name."", B352)",518.85
JINDALSAW,Jindal SAW Ltd,"=AI(""Categorize this company into a broad industry sector (e.g. IT, Energy, Finance, Healthcare, Auto, etc.). Only return the sector name."", B353)",257.25
SUMICHEM,Sumitomo Chemical India Ltd,"=AI(""Categorize this company into a broad industry sector (e.g. IT, Energy, Finance, Healthcare, Auto, etc.). Only return the sector name."", B354)",424.05
TATATECH,Tata Technologies Ltd,"=AI(""Categorize this company into a broad industry sector (e.g. IT, Energy, Finance, Healthcare, Auto, etc.). Only return the sector name."", B355)",727
GLAXO,GlaxoSmithKline Pharmaceuticals Ltd,"=AI(""Categorize this company into a broad industry sector (e.g. IT, Energy, Finance, Healthcare, Auto, etc.). Only return the sector name."", B356)","2,355.70"
MMTC,MMTC Ltd,"=AI(""Categorize this company into a broad industry sector (e.g. IT, Energy, Finance, Healthcare, Auto, etc.). Only return the sector name."", B357)",67.09
ABBOTINDIA,Abbott India Ltd,"=AI(""Categorize this company into a broad industry sector (e.g. IT, Energy, Finance, Healthcare, Auto, etc.). Only return the sector name."", B358)","25,260.00"
JKTYRE,JK Tyre & Industries Ltd,"=AI(""Categorize this company into a broad industry sector (e.g. IT, Energy, Finance, Healthcare, Auto, etc.). Only return the sector name."", B359)",389
ITCHOTELS,ITC Hotels Ltd,"=AI(""Categorize this company into a broad industry sector (e.g. IT, Energy, Finance, Healthcare, Auto, etc.). Only return the sector name."", B360)",173.58
EMAMILTD,Emami Ltd,"=AI(""Categorize this company into a broad industry sector (e.g. IT, Energy, Finance, Healthcare, Auto, etc.). Only return the sector name."", B361)",410
ELGIEQUIP,ELGI Equipments Ltd,"=AI(""Categorize this company into a broad industry sector (e.g. IT, Energy, Finance, Healthcare, Auto, etc.). Only return the sector name."", B362)",601.55
CCL,CCL Products (India) Ltd,"=AI(""Categorize this company into a broad industry sector (e.g. IT, Energy, Finance, Healthcare, Auto, etc.). Only return the sector name."", B363)","1,169.70"
AARTIIND,Aarti Industries Ltd,"=AI(""Categorize this company into a broad industry sector (e.g. IT, Energy, Finance, Healthcare, Auto, etc.). Only return the sector name."", B364)",459.25
LTTS,L&T Technology Services Ltd,"=AI(""Categorize this company into a broad industry sector (e.g. IT, Energy, Finance, Healthcare, Auto, etc.). Only return the sector name."", B365)","3,191.00"
USHAMART,Usha Martin Ltd,"=AI(""Categorize this company into a broad industry sector (e.g. IT, Energy, Finance, Healthcare, Auto, etc.). Only return the sector name."", B366)",482.25
SYNGENE,Syngene International Ltd,"=AI(""Categorize this company into a broad industry sector (e.g. IT, Energy, Finance, Healthcare, Auto, etc.). Only return the sector name."", B367)",435.1
GODREJIND,Godrej Industries Ltd,"=AI(""Categorize this company into a broad industry sector (e.g. IT, Energy, Finance, Healthcare, Auto, etc.). Only return the sector name."", B368)","1,148.80"
PARADEEP,Paradeep Phosphates Ltd,"=AI(""Categorize this company into a broad industry sector (e.g. IT, Energy, Finance, Healthcare, Auto, etc.). Only return the sector name."", B369)",133.04
JBMA,Jbm Auto Ltd,"=AI(""Categorize this company into a broad industry sector (e.g. IT, Energy, Finance, Healthcare, Auto, etc.). Only return the sector name."", B370)",683.3
FLUOROCHEM,Gujarat Fluorochemicals Ltd,"=AI(""Categorize this company into a broad industry sector (e.g. IT, Energy, Finance, Healthcare, Auto, etc.). Only return the sector name."", B371)","3,838.50"
DEEPAKFERT,Deepak Frtlsrs and Ptrchmcls Corp Ltd,"=AI(""Categorize this company into a broad industry sector (e.g. IT, Energy, Finance, Healthcare, Auto, etc.). Only return the sector name."", B372)","1,545.10"
NEWGEN,Newgen Software Technologies Ltd,"=AI(""Categorize this company into a broad industry sector (e.g. IT, Energy, Finance, Healthcare, Auto, etc.). Only return the sector name."", B373)",468.65
CONCORDBIO,Concord Biotech Ltd,"=AI(""Categorize this company into a broad industry sector (e.g. IT, Energy, Finance, Healthcare, Auto, etc.). Only return the sector name."", B374)","1,280.60"
SUNTV,Sun Tv Network Ltd,"=AI(""Categorize this company into a broad industry sector (e.g. IT, Energy, Finance, Healthcare, Auto, etc.). Only return the sector name."", B375)",512.65
INTELLECT,Intellect Design Arena Ltd,"=AI(""Categorize this company into a broad industry sector (e.g. IT, Energy, Finance, Healthcare, Auto, etc.). Only return the sector name."", B376)",732.2
BAYERCROP,Bayer CropScience Ltd,"=AI(""Categorize this company into a broad industry sector (e.g. IT, Energy, Finance, Healthcare, Auto, etc.). Only return the sector name."", B377)","4,050.90"
PIRAMALFIN,Piramal Finance Ord Shs,"=AI(""Categorize this company into a broad industry sector (e.g. IT, Energy, Finance, Healthcare, Auto, etc.). Only return the sector name."", B378)","2,121.70"
AFFLE,Affle 3i Ltd,"=AI(""Categorize this company into a broad industry sector (e.g. IT, Energy, Finance, Healthcare, Auto, etc.). Only return the sector name."", B379)","1,419.40"
ESCORTS,Escorts Kubota Ltd,"=AI(""Categorize this company into a broad industry sector (e.g. IT, Energy, Finance, Healthcare, Auto, etc.). Only return the sector name."", B380)","2,941.40"
PFIZER,Pfizer Ltd,"=AI(""Categorize this company into a broad industry sector (e.g. IT, Energy, Finance, Healthcare, Auto, etc.). Only return the sector name."", B381)","4,385.00"
CIEINDIA,CIE Automotive India Ltd,"=AI(""Categorize this company into a broad industry sector (e.g. IT, Energy, Finance, Healthcare, Auto, etc.). Only return the sector name."", B382)",463.9
BLS,BLS International Services Ltd,"=AI(""Categorize this company into a broad industry sector (e.g. IT, Energy, Finance, Healthcare, Auto, etc.). Only return the sector name."", B383)",254.5
ECLERX,eClerx Services Ltd,"=AI(""Categorize this company into a broad industry sector (e.g. IT, Energy, Finance, Healthcare, Auto, etc.). Only return the sector name."", B384)","1,360.00"
CREDITACC,CreditAccess Grameen Ltd,"=AI(""Categorize this company into a broad industry sector (e.g. IT, Energy, Finance, Healthcare, Auto, etc.). Only return the sector name."", B385)","1,425.20"
ANURAS,Anupam Rasayan India Ltd,"=AI(""Categorize this company into a broad industry sector (e.g. IT, Energy, Finance, Healthcare, Auto, etc.). Only return the sector name."", B386)","1,266.50"
HUDCO,Housing And Urban Development Corp Ltd,"=AI(""Categorize this company into a broad industry sector (e.g. IT, Energy, Finance, Healthcare, Auto, etc.). Only return the sector name."", B387)",207.35
TECHNOE,Techno Electric & Engineering Cmpany Ltd,"=AI(""Categorize this company into a broad industry sector (e.g. IT, Energy, Finance, Healthcare, Auto, etc.). Only return the sector name."", B388)","1,090.00"
CHAMBLFERT,Chambal Fertilisers and Chemicals Ltd,"=AI(""Categorize this company into a broad industry sector (e.g. IT, Energy, Finance, Healthcare, Auto, etc.). Only return the sector name."", B389)",462.55
CESC,CESC Ltd,"=AI(""Categorize this company into a broad industry sector (e.g. IT, Energy, Finance, Healthcare, Auto, etc.). Only return the sector name."", B390)",163.15
LGEINDIA,LG Electronics India Ltd,"=AI(""Categorize this company into a broad industry sector (e.g. IT, Energy, Finance, Healthcare, Auto, etc.). Only return the sector name."", B391)","1,552.30"
LTFOODS,LT Foods Ltd,"=AI(""Categorize this company into a broad industry sector (e.g. IT, Energy, Finance, Healthcare, Auto, etc.). Only return the sector name."", B392)",378.9
UBL,United Breweries Ltd,"=AI(""Categorize this company into a broad industry sector (e.g. IT, Energy, Finance, Healthcare, Auto, etc.). Only return the sector name."", B393)","1,324.30"
GPIL,Godawari Power and Ispat Limited,"=AI(""Categorize this company into a broad industry sector (e.g. IT, Energy, Finance, Healthcare, Auto, etc.). Only return the sector name."", B394)",261.8
ATUL,Atul Ltd,"=AI(""Categorize this company into a broad industry sector (e.g. IT, Energy, Finance, Healthcare, Auto, etc.). Only return the sector name."", B395)","6,647.00"
LEMONTREE,Lemon Tree Hotels Ltd,"=AI(""Categorize this company into a broad industry sector (e.g. IT, Energy, Finance, Healthcare, Auto, etc.). Only return the sector name."", B396)",116.49
AAVAS,Aavas Financiers Ltd,"=AI(""Categorize this company into a broad industry sector (e.g. IT, Energy, Finance, Healthcare, Auto, etc.). Only return the sector name."", B397)","1,492.20"
GICRE,General Insurance Corporation of India,"=AI(""Categorize this company into a broad industry sector (e.g. IT, Energy, Finance, Healthcare, Auto, etc.). Only return the sector name."", B398)",358.95
IGIL,International Gemological Institute Ltd,"=AI(""Categorize this company into a broad industry sector (e.g. IT, Energy, Finance, Healthcare, Auto, etc.). Only return the sector name."", B399)",348.35
PCBL,PCBL Chemical Ltd,"=AI(""Categorize this company into a broad industry sector (e.g. IT, Energy, Finance, Healthcare, Auto, etc.). Only return the sector name."", B400)",315.05
DEEPAKNTR,Deepak Nitrite Ltd,"=AI(""Categorize this company into a broad industry sector (e.g. IT, Energy, Finance, Healthcare, Auto, etc.). Only return the sector name."", B401)","1,568.70"
FIRSTCRY,Brainbees Solutions Ltd,"=AI(""Categorize this company into a broad industry sector (e.g. IT, Energy, Finance, Healthcare, Auto, etc.). Only return the sector name."", B402)",221.68
BAJAJHFL,Bajaj Housing Finance Ltd,"=AI(""Categorize this company into a broad industry sector (e.g. IT, Energy, Finance, Healthcare, Auto, etc.). Only return the sector name."", B403)",86.98
SONATSOFTW,Sonata Software Ltd,"=AI(""Categorize this company into a broad industry sector (e.g. IT, Energy, Finance, Healthcare, Auto, etc.). Only return the sector name."", B404)",276.1
3MINDIA,3M India Ltd,"=AI(""Categorize this company into a broad industry sector (e.g. IT, Energy, Finance, Healthcare, Auto, etc.). Only return the sector name."", B405)","33,165.00"
CEATLTD,CEAT Ltd,"=AI(""Categorize this company into a broad industry sector (e.g. IT, Energy, Finance, Healthcare, Auto, etc.). Only return the sector name."", B406)","3,439.20"
BSOFT,Birlasoft Ltd,"=AI(""Categorize this company into a broad industry sector (e.g. IT, Energy, Finance, Healthcare, Auto, etc.). Only return the sector name."", B407)",299
GRAVITA,Gravita India Limited,"=AI(""Categorize this company into a broad industry sector (e.g. IT, Energy, Finance, Healthcare, Auto, etc.). Only return the sector name."", B408)","1,680.50"
CHOLAHLDNG,Cholamandalam Financial Holdings Ltd,"=AI(""Categorize this company into a broad industry sector (e.g. IT, Energy, Finance, Healthcare, Auto, etc.). Only return the sector name."", B409)","1,645.30"
HDBFS,HDB Financial Services Ltd,"=AI(""Categorize this company into a broad industry sector (e.g. IT, Energy, Finance, Healthcare, Auto, etc.). Only return the sector name."", B410)",729.35
MGL,Mahanagar Gas Ltd,"=AI(""Categorize this company into a broad industry sector (e.g. IT, Energy, Finance, Healthcare, Auto, etc.). Only return the sector name."", B411)","1,157.00"
FACT,Fertilisers And Chemicals Travancore Ltd,"=AI(""Categorize this company into a broad industry sector (e.g. IT, Energy, Finance, Healthcare, Auto, etc.). Only return the sector name."", B412)",871.5
GILLETTE,Gillette India Ltd,"=AI(""Categorize this company into a broad industry sector (e.g. IT, Energy, Finance, Healthcare, Auto, etc.). Only return the sector name."", B413)","7,532.50"
APOLLOTYRE,Apollo Tyres Ltd,"=AI(""Categorize this company into a broad industry sector (e.g. IT, Energy, Finance, Healthcare, Auto, etc.). Only return the sector name."", B414)",423.4
CRISIL,Crisil Ltd,"=AI(""Categorize this company into a broad industry sector (e.g. IT, Energy, Finance, Healthcare, Auto, etc.). Only return the sector name."", B415)","4,048.70"
ANTHEM,Anthem BioSciences Ltd,"=AI(""Categorize this company into a broad industry sector (e.g. IT, Energy, Finance, Healthcare, Auto, etc.). Only return the sector name."", B416)",769.4
BLUESTARCO,Blue Star Ltd,"=AI(""Categorize this company into a broad industry sector (e.g. IT, Energy, Finance, Healthcare, Auto, etc.). Only return the sector name."", B417)","1,637.10"
ACE,Action Construction Equipment Ltd,"=AI(""Categorize this company into a broad industry sector (e.g. IT, Energy, Finance, Healthcare, Auto, etc.). Only return the sector name."", B418)",988.15
BATAINDIA,Bata India Ltd,"=AI(""Categorize this company into a broad industry sector (e.g. IT, Energy, Finance, Healthcare, Auto, etc.). Only return the sector name."", B419)",694.7
CYIENT,Cyient Ltd,"=AI(""Categorize this company into a broad industry sector (e.g. IT, Energy, Finance, Healthcare, Auto, etc.). Only return the sector name."", B420)",884.3
EIDPARRY,E I D-Parry (India) Ltd,"=AI(""Categorize this company into a broad industry sector (e.g. IT, Energy, Finance, Healthcare, Auto, etc.). Only return the sector name."", B421)",712.1
INDIAMART,IndiaMART InterMESH Ltd,"=AI(""Categorize this company into a broad industry sector (e.g. IT, Energy, Finance, Healthcare, Auto, etc.). Only return the sector name."", B422)","1,916.70"
ARE&M,Amara Raja Energy & Mobility Ltd,"=AI(""Categorize this company into a broad industry sector (e.g. IT, Energy, Finance, Healthcare, Auto, etc.). Only return the sector name."", B423)",822.95
IRCON,Ircon International Ltd,"=AI(""Categorize this company into a broad industry sector (e.g. IT, Energy, Finance, Healthcare, Auto, etc.). Only return the sector name."", B424)",131.73
DOMS,Doms Industries Ltd,"=AI(""Categorize this company into a broad industry sector (e.g. IT, Energy, Finance, Healthcare, Auto, etc.). Only return the sector name."", B425)","2,243.00"
EIHOTEL,EIH Ltd,"=AI(""Categorize this company into a broad industry sector (e.g. IT, Energy, Finance, Healthcare, Auto, etc.). Only return the sector name."", B426)",323.25
FSL,Firstsource Solutions Ltd,"=AI(""Categorize this company into a broad industry sector (e.g. IT, Energy, Finance, Healthcare, Auto, etc.). Only return the sector name."", B427)",238.35
AIIL,Authum Investment & Infrastructure Ltd,"=AI(""Categorize this company into a broad industry sector (e.g. IT, Energy, Finance, Healthcare, Auto, etc.). Only return the sector name."", B428)",520.5
URBANCO,Urban Company Ltd,"=AI(""Categorize this company into a broad industry sector (e.g. IT, Energy, Finance, Healthcare, Auto, etc.). Only return the sector name."", B429)",130.65
ACC,ACC Ltd,"=AI(""Categorize this company into a broad industry sector (e.g. IT, Energy, Finance, Healthcare, Auto, etc.). Only return the sector name."", B430)","1,334.20"
ENDURANCE,Endurance Technologies Ltd,"=AI(""Categorize this company into a broad industry sector (e.g. IT, Energy, Finance, Healthcare, Auto, etc.). Only return the sector name."", B431)","2,669.70"
AWL,AWL Agri Business Ltd,"=AI(""Categorize this company into a broad industry sector (e.g. IT, Energy, Finance, Healthcare, Auto, etc.). Only return the sector name."", B432)",180.5
CARBORUNIV,Carborundum Universal Ltd,"=AI(""Categorize this company into a broad industry sector (e.g. IT, Energy, Finance, Healthcare, Auto, etc.). Only return the sector name."", B433)","1,168.50"
JSWCEMENT,JSW Cement Ltd,"=AI(""Categorize this company into a broad industry sector (e.g. IT, Energy, Finance, Healthcare, Auto, etc.). Only return the sector name."", B434)",132.05
HONAUT,Honeywell Automation India Ltd,"=AI(""Categorize this company into a broad industry sector (e.g. IT, Energy, Finance, Healthcare, Auto, etc.). Only return the sector name."", B435)","39,005.00"
SCHAEFFLER,Schaeffler India Ltd,"=AI(""Categorize this company into a broad industry sector (e.g. IT, Energy, Finance, Healthcare, Auto, etc.). Only return the sector name."", B436)","4,105.20"
IRB,Irb Infrastructure Developers Ltd,"=AI(""Categorize this company into a broad industry sector (e.g. IT, Energy, Finance, Healthcare, Auto, etc.). Only return the sector name."", B437)",21.1
NTPCGREEN,NTPC Green Energy Ltd,"=AI(""Categorize this company into a broad industry sector (e.g. IT, Energy, Finance, Healthcare, Auto, etc.). Only return the sector name."", B438)",95.11
SHYAMMETL,Shyam Metalics and Energy Ltd,"=AI(""Categorize this company into a broad industry sector (e.g. IT, Energy, Finance, Healthcare, Auto, etc.). Only return the sector name."", B439)",949.35
ONESOURCE,Onesource Specialty Pharma Ltd,"=AI(""Categorize this company into a broad industry sector (e.g. IT, Energy, Finance, Healthcare, Auto, etc.). Only return the sector name."", B440)","1,546.70"
NCC,NCC Ltd,"=AI(""Categorize this company into a broad industry sector (e.g. IT, Energy, Finance, Healthcare, Auto, etc.). Only return the sector name."", B441)",150.65
CLEAN,Clean Science and Technology Ltd,"=AI(""Categorize this company into a broad industry sector (e.g. IT, Energy, Finance, Healthcare, Auto, etc.). Only return the sector name."", B442)",774.6
JMFINANCIL,JM Financial Ltd,"=AI(""Categorize this company into a broad industry sector (e.g. IT, Energy, Finance, Healthcare, Auto, etc.). Only return the sector name."", B443)",123.35
ZENSARTECH,Zensar Technologies Ltd,"=AI(""Categorize this company into a broad industry sector (e.g. IT, Energy, Finance, Healthcare, Auto, etc.). Only return the sector name."", B444)",437
VTL,Vardhman Textiles Ltd,"=AI(""Categorize this company into a broad industry sector (e.g. IT, Energy, Finance, Healthcare, Auto, etc.). Only return the sector name."", B445)",637.9
MEDANTA,Global Health Ltd,"=AI(""Categorize this company into a broad industry sector (e.g. IT, Energy, Finance, Healthcare, Auto, etc.). Only return the sector name."", B446)","1,303.30"
NIVABUPA,Niva Bupa Health Insurance Company Ltd,"=AI(""Categorize this company into a broad industry sector (e.g. IT, Energy, Finance, Healthcare, Auto, etc.). Only return the sector name."", B447)",85.06
TRIDENT,Trident Ltd,"=AI(""Categorize this company into a broad industry sector (e.g. IT, Energy, Finance, Healthcare, Auto, etc.). Only return the sector name."", B448)",25.94
MINDACORP,Minda Corporation Ltd,"=AI(""Categorize this company into a broad industry sector (e.g. IT, Energy, Finance, Healthcare, Auto, etc.). Only return the sector name."", B449)",665.7
WHIRLPOOL,Whirlpool Of India Ltd,"=AI(""Categorize this company into a broad industry sector (e.g. IT, Energy, Finance, Healthcare, Auto, etc.). Only return the sector name."", B450)",801.5
DEVYANI,Devyani International Ltd,"=AI(""Categorize this company into a broad industry sector (e.g. IT, Energy, Finance, Healthcare, Auto, etc.). Only return the sector name."", B451)",111.27
TATAINVEST,Tata Investment Corporation Ltd,"=AI(""Categorize this company into a broad industry sector (e.g. IT, Energy, Finance, Healthcare, Auto, etc.). Only return the sector name."", B452)",669.5
CHALET,Chalet Hotels Ltd,"=AI(""Categorize this company into a broad industry sector (e.g. IT, Energy, Finance, Healthcare, Auto, etc.). Only return the sector name."", B453)",815.8
NAVA,Nava Limited,"=AI(""Categorize this company into a broad industry sector (e.g. IT, Energy, Finance, Healthcare, Auto, etc.). Only return the sector name."", B454)",598
SARDAEN,Sarda Energy & Minerals Ltd,"=AI(""Categorize this company into a broad industry sector (e.g. IT, Energy, Finance, Healthcare, Auto, etc.). Only return the sector name."", B455)",509.55
ELECON,Elecon Engineering Company Ltd,"=AI(""Categorize this company into a broad industry sector (e.g. IT, Energy, Finance, Healthcare, Auto, etc.). Only return the sector name."", B456)",518.1
SJVN,SJVN Ltd,"=AI(""Categorize this company into a broad industry sector (e.g. IT, Energy, Finance, Healthcare, Auto, etc.). Only return the sector name."", B457)",72.01
JSWDULUX,JSW Dulux Ltd,"=AI(""Categorize this company into a broad industry sector (e.g. IT, Energy, Finance, Healthcare, Auto, etc.). Only return the sector name."", B458)","3,202.20"
RAILTEL,Railtel Corporation of India Ltd,"=AI(""Categorize this company into a broad industry sector (e.g. IT, Energy, Finance, Healthcare, Auto, etc.). Only return the sector name."", B459)",307.15
ABFRL,Aditya Birla Fashion and Retail Ltd,"=AI(""Categorize this company into a broad industry sector (e.g. IT, Energy, Finance, Healthcare, Auto, etc.). Only return the sector name."", B460)",59.37
BALKRISIND,Balkrishna Industries Ltd,"=AI(""Categorize this company into a broad industry sector (e.g. IT, Energy, Finance, Healthcare, Auto, etc.). Only return the sector name."", B461)","2,182.20"
ABREL,Aditya Birla Real Estate Ltd,"=AI(""Categorize this company into a broad industry sector (e.g. IT, Energy, Finance, Healthcare, Auto, etc.). Only return the sector name."", B462)","1,308.90"
BLUEJET,Blue Jet Healthcare Ltd,"=AI(""Categorize this company into a broad industry sector (e.g. IT, Energy, Finance, Healthcare, Auto, etc.). Only return the sector name."", B463)",518.95
RAINBOW,Rainbow Children's Medicare Ltd,"=AI(""Categorize this company into a broad industry sector (e.g. IT, Energy, Finance, Healthcare, Auto, etc.). Only return the sector name."", B464)","1,400.30"
UCOBANK,UCO Bank,"=AI(""Categorize this company into a broad industry sector (e.g. IT, Energy, Finance, Healthcare, Auto, etc.). Only return the sector name."", B465)",26.74
SWANCORP,Swan Corp Ltd,"=AI(""Categorize this company into a broad industry sector (e.g. IT, Energy, Finance, Healthcare, Auto, etc.). Only return the sector name."", B466)",313.8
POLYMED,Poly Medicure Ltd.,"=AI(""Categorize this company into a broad industry sector (e.g. IT, Energy, Finance, Healthcare, Auto, etc.). Only return the sector name."", B467)","1,656.90"
NSLNISP,NMDC Steel Ltd,"=AI(""Categorize this company into a broad industry sector (e.g. IT, Energy, Finance, Healthcare, Auto, etc.). Only return the sector name."", B468)",42.99
THELEELA,Leela Palaces Hotels & Resorts Ltd,"=AI(""Categorize this company into a broad industry sector (e.g. IT, Energy, Finance, Healthcare, Auto, etc.). Only return the sector name."", B469)",481.05
PVRINOX,PVR INOX Ltd,"=AI(""Categorize this company into a broad industry sector (e.g. IT, Energy, Finance, Healthcare, Auto, etc.). Only return the sector name."", B470)",974.1
BIKAJI,Bikaji Foods International Ltd,"=AI(""Categorize this company into a broad industry sector (e.g. IT, Energy, Finance, Healthcare, Auto, etc.). Only return the sector name."", B471)",642.05
AEGISVOPAK,Aegis Vopak Terminals Ltd,"=AI(""Categorize this company into a broad industry sector (e.g. IT, Energy, Finance, Healthcare, Auto, etc.). Only return the sector name."", B472)",230.61
IKS,Inventurus Knowledge Solutions Ltd,"=AI(""Categorize this company into a broad industry sector (e.g. IT, Energy, Finance, Healthcare, Auto, etc.). Only return the sector name."", B473)","1,698.30"
MAPMYINDIA,CE Info Systems Ltd,"=AI(""Categorize this company into a broad industry sector (e.g. IT, Energy, Finance, Healthcare, Auto, etc.). Only return the sector name."", B474)",833
SAPPHIRE,Sapphire Foods India Ltd,"=AI(""Categorize this company into a broad industry sector (e.g. IT, Energy, Finance, Healthcare, Auto, etc.). Only return the sector name."", B475)",180.17
ERIS,Eris Lifesciences Ltd,"=AI(""Categorize this company into a broad industry sector (e.g. IT, Energy, Finance, Healthcare, Auto, etc.). Only return the sector name."", B476)","1,425.40"
BALRAMCHIN,Balrampur Chini Mills Ltd,"=AI(""Categorize this company into a broad industry sector (e.g. IT, Energy, Finance, Healthcare, Auto, etc.). Only return the sector name."", B477)",528
INDGN,Indegene Ltd,"=AI(""Categorize this company into a broad industry sector (e.g. IT, Energy, Finance, Healthcare, Auto, etc.). Only return the sector name."", B478)",515.5
TTML,Tata Teleservices (Maharashtra) Ltd,"=AI(""Categorize this company into a broad industry sector (e.g. IT, Energy, Finance, Healthcare, Auto, etc.). Only return the sector name."", B479)",41.8
ITI,ITI Ltd,"=AI(""Categorize this company into a broad industry sector (e.g. IT, Energy, Finance, Healthcare, Auto, etc.). Only return the sector name."", B480)",296.15
IOB,Indian Overseas Bank,"=AI(""Categorize this company into a broad industry sector (e.g. IT, Energy, Finance, Healthcare, Auto, etc.). Only return the sector name."", B481)",34.15
JUBLINGREA,Jubilant Ingrevia Ltd,"=AI(""Categorize this company into a broad industry sector (e.g. IT, Energy, Finance, Healthcare, Auto, etc.). Only return the sector name."", B482)",610.1
RITES,Rites Ltd,"=AI(""Categorize this company into a broad industry sector (e.g. IT, Energy, Finance, Healthcare, Auto, etc.). Only return the sector name."", B483)",205.5
RHIM,RHI Magnesita India Ltd,"=AI(""Categorize this company into a broad industry sector (e.g. IT, Energy, Finance, Healthcare, Auto, etc.). Only return the sector name."", B484)",378.15
GALLANTT,Gallantt Ispat Ltd,"=AI(""Categorize this company into a broad industry sector (e.g. IT, Energy, Finance, Healthcare, Auto, etc.). Only return the sector name."", B485)",683
RKFORGE,Ramkrishna Forgings Ltd,"=AI(""Categorize this company into a broad industry sector (e.g. IT, Energy, Finance, Healthcare, Auto, etc.). Only return the sector name."", B486)",559.8
NUVOCO,Nuvoco Vistas Corporation Ltd,"=AI(""Categorize this company into a broad industry sector (e.g. IT, Energy, Finance, Healthcare, Auto, etc.). Only return the sector name."", B487)",303.5
TBOTEK,Tbo Tek Ltd,"=AI(""Categorize this company into a broad industry sector (e.g. IT, Energy, Finance, Healthcare, Auto, etc.). Only return the sector name."", B488)","1,438.80"
AFCONS,Afcons Infrastructure Limited,"=AI(""Categorize this company into a broad industry sector (e.g. IT, Energy, Finance, Healthcare, Auto, etc.). Only return the sector name."", B489)",314.8
TEGA,Tega Industries Ltd,"=AI(""Categorize this company into a broad industry sector (e.g. IT, Energy, Finance, Healthcare, Auto, etc.). Only return the sector name."", B490)","1,705.10"
JUBLPHARMA,Jubilant Pharmova Ltd,"=AI(""Categorize this company into a broad industry sector (e.g. IT, Energy, Finance, Healthcare, Auto, etc.). Only return the sector name."", B491)",967.55
SOBHA,Sobha Ltd,"=AI(""Categorize this company into a broad industry sector (e.g. IT, Energy, Finance, Healthcare, Auto, etc.). Only return the sector name."", B492)","1,395.00"
SBFC,SBFC Finance Ltd,"=AI(""Categorize this company into a broad industry sector (e.g. IT, Energy, Finance, Healthcare, Auto, etc.). Only return the sector name."", B493)",90.29
BBTC,"Bombay Burmah Trading Corporation, Ltd","=AI(""Categorize this company into a broad industry sector (e.g. IT, Energy, Finance, Healthcare, Auto, etc.). Only return the sector name."", B494)","1,541.20"
CANHLIFE,Canara HSBC Life Insurance Company Ltd,"=AI(""Categorize this company into a broad industry sector (e.g. IT, Energy, Finance, Healthcare, Auto, etc.). Only return the sector name."", B495)",137.65
ABLBL,Aditya Birla Lifestyle Brands Ltd,"=AI(""Categorize this company into a broad industry sector (e.g. IT, Energy, Finance, Healthcare, Auto, etc.). Only return the sector name."", B496)",96.88
INDIACEM,India Cements Ltd,"=AI(""Categorize this company into a broad industry sector (e.g. IT, Energy, Finance, Healthcare, Auto, etc.). Only return the sector name."", B497)",377.5
BLUEDART,Blue Dart Express Ltd,"=AI(""Categorize this company into a broad industry sector (e.g. IT, Energy, Finance, Healthcare, Auto, etc.). Only return the sector name."", B498)","4,915.20"
SPLPETRO,Supreme Petrochem Ltd,"=AI(""Categorize this company into a broad industry sector (e.g. IT, Energy, Finance, Healthcare, Auto, etc.). Only return the sector name."", B499)",733.7
TRAVELFOOD,Travel Food Services Ltd,"=AI(""Categorize this company into a broad industry sector (e.g. IT, Energy, Finance, Healthcare, Auto, etc.). Only return the sector name."", B500)","1,308.90"
DCMSHRIRAM,DCM Shriram Ltd,"=AI(""Categorize this company into a broad industry sector (e.g. IT, Energy, Finance, Healthcare, Auto, etc.). Only return the sector name."", B501)","1,041.30"